path_name,adj_p_val,overlapping_genes,-log10_pval,method,path_name_clean,n_sensors
microtubule cytoskeleton organization involved in mitosis (GO:1902850),2.6913664216324055e-36,"['BUB1B', 'CDCA8', 'TTK', 'KIF11', 'CENPA', 'SKA1', 'AURKB', 'AURKA', 'CDC20', 'CCNB1', 'STMN1', 'NUF2', 'SPDL1', 'BUB3', 'BUB1', 'DLGAP5', 'PLK1', 'KNL1', 'RANGAP1', 'CKAP5', 'NDC80', 'ZWINT', 'SGO1', 'SGO2', 'CENPE', 'CENPF', 'ESPL1', 'KIF4B', 'INCENP', 'TACC3', 'BIRC5', 'KIF2C', 'SPC24', 'MAD2L1']",35.57002717029287,foldChange,Microtubule cytoskeleton organization involved in mitosis ,34
mitotic spindle organization (GO:0007052),2.6913664216324055e-36,"['BUB1B', 'CDCA8', 'TTK', 'KIF11', 'CENPA', 'SKA1', 'AURKB', 'AURKA', 'CDC20', 'CCNB1', 'STMN1', 'NUF2', 'SPDL1', 'BUB3', 'BUB1', 'DLGAP5', 'PLK1', 'KIF23', 'KNL1', 'RANGAP1', 'CKAP5', 'NDC80', 'ZWINT', 'MZT1', 'SGO1', 'SGO2', 'TPX2', 'CENPE', 'CENPF', 'KIF4B', 'INCENP', 'KIFC1', 'BIRC5', 'KIF2C', 'SPC24', 'MAD2L1']",35.57002717029287,foldChange,Mitotic spindle organization ,36
mitotic sister chromatid segregation (GO:0000070),1.1417202961974492e-33,"['CDCA5', 'NCAPG2', 'KIF14', 'CDCA8', 'NCAPG', 'SMC4', 'NCAPH', 'CCNB1', 'RAD21', 'SPDL1', 'CEP55', 'DLGAP5', 'SPAG5', 'PLK1', 'KIF23', 'KIF22', 'HASPIN', 'KNSTRN', 'NDC80', 'ZWINT', 'SGO1', 'SGO2', 'CENPE', 'KIF18B', 'PSRC1', 'ESPL1', 'KIFC1', 'CDK1', 'KIF2C', 'NCAPD2']",32.94244027848632,foldChange,Mitotic sister chromatid segregation ,30
regulation of mitotic cell cycle phase transition (GO:1901990),1.1744590423373474e-18,"['KIF14', 'BUB1B', 'HMMR', 'AURKA', 'CDC20', 'CCNB1', 'FZR1', 'TUBA1A', 'NEK2', 'FBXO5', 'BUB3', 'PLK4', 'HSP90AA1', 'UBE2C', 'TUBB', 'PLK1', 'TUBB4B', 'CKAP5', 'ANLN', 'TPX2', 'CENPE', 'CENPF', 'UBE2S', 'CDK1', 'MAD2L1']",17.93016212405201,foldChange,Regulation of mitotic cell cycle phase transition ,25
mitotic nuclear division (GO:0140014),4.170287720533536e-18,"['SPAG5', 'UBE2C', 'NCAPG2', 'PLK1', 'CDCA8', 'KIF11', 'SMC4', 'KNSTRN', 'MZT1', 'NDC80', 'ZWINT', 'SGO1', 'SGO2', 'TPX2', 'KIF18B', 'ESPL1', 'KIFC1', 'UBE2S']",17.37983398072662,foldChange,Mitotic nuclear division ,18
sister chromatid segregation (GO:0000819),1.2509508207773113e-17,"['TOP2A', 'SPAG5', 'NCAPG2', 'PLK1', 'CDCA8', 'SMC4', 'KNSTRN', 'NDC80', 'ZWINT', 'SGO1', 'SGO2', 'KIF18B', 'ESPL1', 'KIFC1']",16.902759763595842,foldChange,Sister chromatid segregation ,14
mitotic cell cycle phase transition (GO:0044772),2.0479376787458547e-15,"['PLK4', 'CDKN2D', 'HSP90AA1', 'BORA', 'UBE2C', 'TUBB', 'PLK1', 'CCNF', 'FOXM1', 'TUBB4B', 'CKAP5', 'AURKA', 'CDC25B', 'CCNA2', 'CCNB2', 'CCNB1', 'TUBA1A', 'UBE2S', 'CDK1', 'TACC3', 'NEK2', 'PIM2', 'CDKN3']",14.688683263608608,foldChange,Mitotic cell cycle phase transition ,23
regulation of mitotic cell cycle (GO:0007346),1.1672504631317517e-14,"['BORA', 'UBE2C', 'PLK1', 'BUB1B', 'MKI67', 'FBXO43', 'CDC25B', 'CKS1B', 'CDC20', 'CCNB1', 'FZR1', 'UBE2S', 'CDK1', 'CKS2', 'NEK2', 'FBXO5', 'PIM2', 'BUB3', 'KIF20B', 'DLGAP5', 'MAD2L1']",13.932835945081436,foldChange,Regulation of mitotic cell cycle ,21
chromosome condensation (GO:0030261),4.211501883055883e-14,"['TOP2A', 'CDCA5', 'NCAPG2', 'PLK1', 'NCAPG', 'SMC4', 'NCAPH', 'H1-2', 'H1-5', 'CCNB1', 'INCENP', 'CDK1', 'NCAPD2']",13.375563000789706,foldChange,Chromosome condensation ,13
regulation of cell cycle process (GO:0010564),4.587256835084384e-14,"['PLK4', 'BORA', 'SPAG5', 'PLK1', 'KIF11', 'MKI67', 'FBXO43', 'KNSTRN', 'AURKB', 'AURKA', 'RACGAP1', 'NEK2', 'FBXO5', 'KIF20A', 'KIF20B', 'ECT2', 'BUB1']",13.338446943552933,foldChange,Regulation of cell cycle process ,17
mitotic cytokinesis (GO:0000281),1.1969491970616652e-13,"['PLK1', 'CKAP2', 'KIF23', 'CENPA', 'ANLN', 'ESPL1', 'RACGAP1', 'INCENP', 'KIF4B', 'STMN1', 'KIF20A', 'ECT2', 'CEP55']",12.92192428226193,foldChange,Mitotic cytokinesis ,13
mitotic metaphase plate congression (GO:0007080),1.955558460577658e-13,"['CDCA5', 'KIF14', 'CDCA8', 'KIF22', 'NDC80', 'CENPE', 'CCNB1', 'PSRC1', 'KIFC1', 'NUF2', 'KIF2C', 'SPDL1', 'CEP55']",12.708729196471358,foldChange,Mitotic metaphase plate congression ,13
negative regulation of mitotic metaphase/anaphase transition (GO:0045841),3.640215345799309e-13,"['CDC20', 'CENPF', 'PLK1', 'BUB1B', 'TTK', 'BUB3', 'FBXO5', 'BUB1', 'ZWINT', 'MAD2L1']",12.438872923843807,foldChange,Negative regulation of mitotic metaphase/anaphase transition ,10
regulation of cell cycle G2/M phase transition (GO:1902749),4.170494117161763e-13,"['PLK4', 'HSP90AA1', 'TUBB', 'PLK1', 'KIF14', 'HMMR', 'TUBB4B', 'CKAP5', 'AURKA', 'TPX2', 'CENPF', 'TUBA1A', 'CDK1', 'NEK2', 'GTSE1']",12.379812487078068,foldChange,Regulation of cell cycle g2/m phase transition ,15
cytoskeleton-dependent cytokinesis (GO:0061640),7.713643498962295e-13,"['PLK1', 'CKAP2', 'KIF23', 'CENPA', 'AURKB', 'ANLN', 'ESPL1', 'RACGAP1', 'INCENP', 'KIF4B', 'STMN1', 'KIF20A', 'ECT2', 'CEP55']",12.112740436770368,foldChange,Cytoskeleton-dependent cytokinesis ,14
positive regulation of cell cycle process (GO:0090068),5.250925320776182e-12,"['PLK4', 'SPAG5', 'KIF14', 'KIF23', 'NDC80', 'AURKB', 'CDC25B', 'AURKA', 'CCNB1', 'RACGAP1', 'RAD21', 'KIF20B', 'ECT2', 'E2F8', 'MAD2L1']",11.279764158251783,foldChange,Positive regulation of cell cycle process ,15
anaphase-promoting complex-dependent catabolic process (GO:0031145),6.5103052676525565e-12,"['UBE2C', 'PLK1', 'BUB1B', 'AURKB', 'AURKA', 'CDC20', 'CCNB1', 'FZR1', 'PTTG1', 'UBE2S', 'CDK1', 'FBXO5', 'BUB3', 'MAD2L1']",11.186398646923555,foldChange,Anaphase-promoting complex-dependent catabolic process ,14
regulation of G2/M transition of mitotic cell cycle (GO:0010389),8.599344654348525e-12,"['PLK4', 'HSP90AA1', 'TUBB', 'PLK1', 'KIF14', 'HMMR', 'TUBB4B', 'CKAP5', 'CDC25B', 'AURKA', 'TPX2', 'CCNB1', 'CENPF', 'TUBA1A', 'CDK1', 'NEK2', 'FBXO5']",11.065534644552352,foldChange,Regulation of g2/m transition of mitotic cell cycle ,17
spindle assembly checkpoint signaling (GO:0071173),1.0727609808589532e-11,"['CDC20', 'CENPF', 'PLK1', 'BUB1B', 'TTK', 'BUB3', 'BUB1', 'ZWINT', 'MAD2L1']",10.969497031302826,foldChange,Spindle assembly checkpoint signaling ,9
mitotic spindle assembly checkpoint signaling (GO:0007094),1.0727609808589532e-11,"['CDC20', 'CENPF', 'PLK1', 'BUB1B', 'TTK', 'BUB3', 'BUB1', 'ZWINT', 'MAD2L1']",10.969497031302826,foldChange,Mitotic spindle assembly checkpoint signaling ,9
mitotic spindle checkpoint signaling (GO:0071174),1.0727609808589532e-11,"['CDC20', 'CENPF', 'PLK1', 'BUB1B', 'TTK', 'BUB3', 'BUB1', 'ZWINT', 'MAD2L1']",10.969497031302826,foldChange,Mitotic spindle checkpoint signaling ,9
G2/M transition of mitotic cell cycle (GO:0000086),1.1322391825004948e-11,"['PLK4', 'HSP90AA1', 'BORA', 'TUBB', 'PLK1', 'FOXM1', 'TUBB4B', 'CKAP5', 'CDC25B', 'AURKA', 'CCNA2', 'CCNB2', 'CCNB1', 'TUBA1A', 'CDK1', 'NEK2']",10.946061819907788,foldChange,G2/m transition of mitotic cell cycle ,16
cell cycle G2/M phase transition (GO:0044839),1.2229860549440995e-11,"['PLK4', 'HSP90AA1', 'BORA', 'TUBB', 'PLK1', 'FOXM1', 'TUBB4B', 'CKAP5', 'CDC25B', 'AURKA', 'CCNA2', 'CCNB2', 'CCNB1', 'TUBA1A', 'CDK1', 'NEK2']",10.912578494963187,foldChange,Cell cycle g2/m phase transition ,16
"protein localization to chromosome, centromeric region (GO:0071459)",8.300937357876593e-11,"['CDK1', 'TTK', 'KNL1', 'BUB3', 'SPDL1', 'HASPIN', 'CENPA', 'AURKB']",10.080872863483222,foldChange,"Protein localization to chromosome, centromeric region ",8
mitotic chromosome condensation (GO:0007076),1.3644533902703362e-10,"['CCNB1', 'CDCA5', 'NCAPG2', 'PLK1', 'CDK1', 'NCAPG', 'NCAPD2', 'SMC4', 'NCAPH']",9.865041295240792,foldChange,Mitotic chromosome condensation ,9
kinetochore organization (GO:0051383),5.752322036463226e-10,"['CENPE', 'CENPF', 'CENPW', 'NUF2', 'CENPA', 'NDC80', 'DLGAP5']",9.240156808518085,foldChange,Kinetochore organization ,7
regulation of cytokinesis (GO:0032465),1.630913686297343e-09,"['PLK4', 'RACGAP1', 'PLK1', 'KIF14', 'KIF23', 'KIF20A', 'KIF20B', 'ECT2', 'AURKB', 'CDC25B', 'AURKA', 'E2F8']",8.787569022746784,foldChange,Regulation of cytokinesis ,12
regulation of exit from mitosis (GO:0007096),4.967074412509852e-09,"['CDC20', 'ANLN', 'UBE2C', 'UBE2S', 'CDCA5', 'BUB1B', 'NEK2', 'BUB3', 'MAD2L1']",8.303899333723251,foldChange,Regulation of exit from mitosis ,9
chromatin assembly (GO:0031497),5.524303250840449e-09,"['H2AX', 'H2BC12', 'H2BC9', 'H1-5', 'H2BC13', 'H2BC14', 'H2BC3', 'HMGB2', 'H3C1', 'H2BC17', 'H1-2']",8.257722489298366,foldChange,Chromatin assembly ,11
regulation of attachment of spindle microtubules to kinetochore (GO:0051988),6.243422515786046e-09,"['CCNB1', 'RACGAP1', 'SPAG5', 'NEK2', 'ECT2', 'KNSTRN']",8.204577273739972,foldChange,Regulation of attachment of spindle microtubules to kinetochore ,6
regulation of cell cycle phase transition (GO:1901987),6.243422515786046e-09,"['CDC20', 'CCNB1', 'FZR1', 'UBE2C', 'UBE2S', 'PLK1', 'CDK1', 'BUB1B', 'FBXO5', 'BUB3', 'GTSE1', 'MAD2L1']",8.204577273739972,foldChange,Regulation of cell cycle phase transition ,12
protein localization to condensed chromosome (GO:1903083),2.5959775499274674e-08,"['CDK1', 'TTK', 'BUB3', 'KNL1', 'SPDL1', 'AURKB']",7.585699067643925,foldChange,Protein localization to condensed chromosome ,6
regulation of ubiquitin protein ligase activity (GO:1904666),2.8700113712599864e-08,"['CDC20', 'FZR1', 'UBE2C', 'UBE2S', 'PLK1', 'FBXO5', 'MAD2L1']",7.542116382546258,foldChange,Regulation of ubiquitin protein ligase activity ,7
nucleosome organization (GO:0034728),7.406600643800015e-08,"['H2AX', 'H2BC12', 'H2BC9', 'H1-5', 'H2BC13', 'H2BC14', 'H2BC3', 'HMGB2', 'H3C1', 'H2BC17', 'H1-2']",7.130381071423697,foldChange,Nucleosome organization ,11
protein localization to kinetochore (GO:0034501),7.406600643800015e-08,"['CDK1', 'TTK', 'KNL1', 'BUB3', 'SPDL1', 'AURKB']",7.130381071423697,foldChange,Protein localization to kinetochore ,6
centromere complex assembly (GO:0034508),7.406600643800015e-08,"['CENPE', 'CENPF', 'CENPW', 'MIS18A', 'HJURP', 'KNL1', 'CENPA', 'DLGAP5']",7.130381071423697,foldChange,Centromere complex assembly ,8
regulation of mitotic metaphase/anaphase transition (GO:0030071),1.3880534743217325e-07,"['CENPE', 'CCNB1', 'ESPL1', 'UBE2C', 'PLK1', 'FBXO5', 'DLGAP5']",6.857593802501117,foldChange,Regulation of mitotic metaphase/anaphase transition ,7
nucleosome assembly (GO:0006334),1.5613943840047688e-07,"['H2AX', 'H2BC12', 'H2BC9', 'H2BC13', 'H2BC14', 'H2BC3', 'HMGB2', 'H3C1', 'H2BC17']",6.806487387031102,foldChange,Nucleosome assembly ,9
regulation of mitotic sister chromatid separation (GO:0010965),1.785508837777975e-07,"['CENPE', 'PTTG1', 'UBE2C', 'PTTG2', 'PLK1', 'TACC3']",6.748237995827566,foldChange,Regulation of mitotic sister chromatid separation ,6
mitotic spindle assembly (GO:0090307),2.8286661565902265e-07,"['TPX2', 'RACGAP1', 'KIF4B', 'KIFC1', 'KIF23', 'KIF11', 'AURKB', 'MZT1']",6.548418305602783,foldChange,Mitotic spindle assembly ,8
kinetochore assembly (GO:0051382),2.8286661565902265e-07,"['CENPE', 'CENPF', 'CENPW', 'CENPA', 'DLGAP5']",6.548418305602783,foldChange,Kinetochore assembly ,5
establishment of mitotic spindle localization (GO:0040001),2.8286661565902265e-07,"['ESPL1', 'SAPCD2', 'PLK1', 'SPDL1', 'CENPA', 'NDC80', 'MAD2L1']",6.548418305602783,foldChange,Establishment of mitotic spindle localization ,7
regulation of nuclear division (GO:0051783),7.581293979891504e-07,"['BORA', 'NEK2', 'FBXO5', 'FBXO43', 'MKI67', 'KIF20B']",6.120256662393633,foldChange,Regulation of nuclear division ,6
regulation of cell cycle (GO:0051726),1.2025258847479407e-06,"['CDKN2D', 'PLK1', 'FOXM1', 'CKS1B', 'CCNB2', 'CCNB1', 'CENPF', 'TP53INP1', 'CKS2', 'BIRC5', 'PIM2', 'FBXO5', 'KIF20B', 'PRR11', 'DLGAP5', 'CDKN3']",5.91990556652818,foldChange,Regulation of cell cycle ,16
positive regulation of ubiquitin protein ligase activity (GO:1904668),1.5921713319304086e-06,"['CDC20', 'FZR1', 'UBE2C', 'UBE2S', 'PLK1']",5.798010200098164,foldChange,Positive regulation of ubiquitin protein ligase activity ,5
positive regulation of cytokinesis (GO:0032467),1.5921713319304086e-06,"['RACGAP1', 'KIF14', 'KIF23', 'ECT2', 'KIF20B', 'AURKB', 'CDC25B']",5.798010200098164,foldChange,Positive regulation of cytokinesis ,7
regulation of mitotic nuclear division (GO:0007088),2.0465061378138372e-06,"['CCNB1', 'BORA', 'NEK2', 'FBXO5', 'MKI67', 'KIF20B', 'FBXO43', 'AURKA']",5.688986948495045,foldChange,Regulation of mitotic nuclear division ,8
establishment of mitotic spindle orientation (GO:0000132),2.2576811637204523e-06,"['SAPCD2', 'PLK1', 'SPDL1', 'CENPA', 'NDC80', 'MAD2L1']",5.646337390406561,foldChange,Establishment of mitotic spindle orientation ,6
positive regulation of mitotic cell cycle phase transition (GO:1901992),2.2576811637204523e-06,"['CCNB1', 'ESPL1', 'UBE2C', 'CDCA5', 'CDK1', 'FBXO5', 'DLGAP5', 'CDC25B']",5.646337390406561,foldChange,Positive regulation of mitotic cell cycle phase transition ,8
regulation of cyclin-dependent protein serine/threonine kinase activity (GO:0000079),2.6560012002310322e-06,"['CCNA2', 'CDKN2D', 'CCNB2', 'CCNB1', 'PSRC1', 'CCNF', 'PLK1', 'CDK5R1', 'CDKN3']",5.575771733048901,foldChange,Regulation of cyclin-dependent protein serine/threonine kinase activity ,9
proteasome-mediated ubiquitin-dependent protein catabolic process (GO:0043161),3.1532826121076596e-06,"['UBE2C', 'PLK1', 'CCNF', 'KIF14', 'BUB1B', 'AURKB', 'AURKA', 'CDC20', 'CCNB1', 'FZR1', 'PTTG1', 'UBE2S', 'CDK1', 'BUB3', 'FBXO5', 'MAD2L1']",5.501237103981375,foldChange,Proteasome-mediated ubiquitin-dependent protein catabolic process ,16
positive regulation of cell division (GO:0051781),4.941186764032346e-06,"['RACGAP1', 'KIF14', 'KIF23', 'ECT2', 'KIF20B', 'AURKB', 'CDC25B']",5.306168730596363,foldChange,Positive regulation of cell division ,7
establishment of spindle orientation (GO:0051294),8.669840189862595e-06,"['SAPCD2', 'PLK1', 'SPDL1', 'CENPA', 'NDC80', 'MAD2L1']",5.061988907748759,foldChange,Establishment of spindle orientation ,6
ciliary basal body-plasma membrane docking (GO:0097711),8.817161213911043e-06,"['PLK4', 'HSP90AA1', 'TUBA1A', 'TUBB', 'PLK1', 'CDK1', 'NEK2', 'TUBB4B', 'CKAP5']",5.054671218448749,foldChange,Ciliary basal body-plasma membrane docking ,9
meiotic sister chromatid cohesion (GO:0051177),1.1768197463732496e-05,"['SGO1', 'SGO2', 'BUB1B', 'BUB1']",4.929290053002322,foldChange,Meiotic sister chromatid cohesion ,4
mitotic spindle elongation (GO:0000022),1.1768197463732496e-05,"['RACGAP1', 'KIF4B', 'KIF23', 'AURKB']",4.929290053002322,foldChange,Mitotic spindle elongation ,4
mitotic spindle midzone assembly (GO:0051256),1.1768197463732496e-05,"['RACGAP1', 'KIF4B', 'KIF23', 'AURKB']",4.929290053002322,foldChange,Mitotic spindle midzone assembly ,4
microtubule depolymerization (GO:0007019),1.287963737248951e-05,"['KIF18B', 'STMN1', 'KIF14', 'KIF2C', 'CKAP5']",4.8900963644097315,foldChange,Microtubule depolymerization ,5
regulation of cyclin-dependent protein kinase activity (GO:1904029),1.8496365473600047e-05,"['CCNA2', 'CDKN2D', 'CCNB2', 'CCNB1', 'CCNF', 'CDK5R1', 'CDKN3']",4.7329136018582,foldChange,Regulation of cyclin-dependent protein kinase activity ,7
regulation of mitotic spindle organization (GO:0060236),1.9846065970655113e-05,"['TPX2', 'BORA', 'PSRC1', 'PLK1', 'TACC3', 'HSPA1A']",4.702325569332261,foldChange,Regulation of mitotic spindle organization ,6
chromosome organization (GO:0051276),1.9846065970655113e-05,"['H1-5', 'TOP2A', 'CENPW', 'SUV39H1', 'NUF2', 'H3C1', 'HMGB2', 'CDCA8', 'NDC80']",4.702325569332261,foldChange,Chromosome organization ,9
negative regulation of cell cycle process (GO:0010948),5.674409690378516e-05,"['RRM2', 'ESPL1', 'NEK2', 'FBXO5', 'FBXO43', 'AURKB', 'E2F8']",4.2460793114997335,foldChange,Negative regulation of cell cycle process ,7
attachment of mitotic spindle microtubules to kinetochore (GO:0051315),7.071881375828002e-05,"['CENPE', 'NUF2', 'KIF2C', 'NDC80']",4.150465032816165,foldChange,Attachment of mitotic spindle microtubules to kinetochore ,4
regulation of sister chromatid cohesion (GO:0007063),7.071881375828002e-05,"['ESPL1', 'CDCA5', 'RAD21', 'BUB1']",4.150465032816165,foldChange,Regulation of sister chromatid cohesion ,4
mitotic nuclear membrane disassembly (GO:0007077),7.071881375828002e-05,"['CCNB2', 'CCNB1', 'PLK1', 'CDK1']",4.150465032816165,foldChange,Mitotic nuclear membrane disassembly ,4
modification-dependent protein catabolic process (GO:0019941),9.211808633859993e-05,"['CDC20', 'FZR1', 'PTTG1', 'UBE2C', 'UBE2S', 'PLK1', 'BUB1B', 'BUB3', 'AURKB', 'AURKA', 'MAD2L1']",4.035655092648957,foldChange,Modification-dependent protein catabolic process ,11
microtubule polymerization or depolymerization (GO:0031109),9.764149662112012e-05,"['KIF18B', 'STMN1', 'KIF14', 'KIF2C', 'CKAP5']",4.010365572461398,foldChange,Microtubule polymerization or depolymerization ,5
protein depolymerization (GO:0051261),0.00011617235977894683,"['KIF18B', 'STMN1', 'KIF14', 'KIF2C', 'CKAP5']",3.934897188842328,foldChange,Protein depolymerization ,5
nuclear membrane disassembly (GO:0051081),0.00013262043303692098,"['CCNB2', 'CCNB1', 'PLK1', 'CDK1']",3.8773895583480167,foldChange,Nuclear membrane disassembly ,4
CENP-A containing chromatin organization (GO:0061641),0.000158733274605977,"['CENPW', 'MIS18A', 'HJURP', 'KNL1', 'CENPA']",3.7993320243289084,foldChange,Cenp-a containing chromatin organization ,5
CENP-A containing nucleosome assembly (GO:0034080),0.000158733274605977,"['CENPW', 'MIS18A', 'HJURP', 'KNL1', 'CENPA']",3.7993320243289084,foldChange,Cenp-a containing nucleosome assembly ,5
mitotic nuclear membrane organization (GO:0101024),0.00016034185081394665,"['CCNB2', 'CCNB1', 'REEP4', 'CDK1', 'RANGAP1', 'LBR']",3.794953107681097,foldChange,Mitotic nuclear membrane organization ,6
mitotic nuclear membrane reassembly (GO:0007084),0.00016034185081394665,"['CCNB2', 'CCNB1', 'REEP4', 'CDK1', 'RANGAP1', 'LBR']",3.794953107681097,foldChange,Mitotic nuclear membrane reassembly ,6
positive regulation of ubiquitin-protein transferase activity (GO:0051443),0.00018011806039723463,"['CDC20', 'FZR1', 'UBE2C', 'UBE2S', 'PLK1']",3.7444427383875056,foldChange,Positive regulation of ubiquitin-protein transferase activity ,5
protein-DNA complex assembly (GO:0065004),0.00019067697526657085,"['H2AX', 'H2BC12', 'H2BC9', 'H2BC13', 'H2BC14', 'H2BC3', 'H3C1', 'HMGB2', 'H2BC17']",3.719701745959683,foldChange,Protein-dna complex assembly ,9
chromatin remodeling at centromere (GO:0031055),0.00020617528122152037,"['CENPW', 'MIS18A', 'HJURP', 'KNL1', 'CENPA']",3.685763404390047,foldChange,Chromatin remodeling at centromere ,5
regulation of protein serine/threonine kinase activity (GO:0071900),0.00020732679659349356,"['CCNA2', 'CDKN2D', 'CCNB2', 'CCNB1', 'INCENP', 'CCNF', 'CDK5R1', 'CDKN3']",3.6833445625439296,foldChange,Regulation of protein serine/threonine kinase activity ,8
nuclear membrane reassembly (GO:0031468),0.00020732679659349356,"['CCNB2', 'CCNB1', 'REEP4', 'CDK1', 'RANGAP1', 'LBR']",3.6833445625439296,foldChange,Nuclear membrane reassembly ,6
mitotic sister chromatid cohesion (GO:0007064),0.00020732679659349356,"['SGO1', 'CDCA5', 'RAD21', 'HASPIN']",3.6833445625439296,foldChange,Mitotic sister chromatid cohesion ,4
centromeric sister chromatid cohesion (GO:0070601),0.0002454455500893877,"['SGO1', 'BUB1B', 'BUB1']",3.6100448372212415,foldChange,Centromeric sister chromatid cohesion ,3
"retrograde vesicle-mediated transport, Golgi to endoplasmic reticulum (GO:0006890)",0.0002891385026165505,"['CENPE', 'RACGAP1', 'KIF4B', 'KIF23', 'KIF2C', 'KIF11', 'KIF22']",3.538894072423031,foldChange,"Retrograde vesicle-mediated transport, golgi to endoplasmic reticulum ",7
regulation of chromosome segregation (GO:0051983),0.00032662071998616326,"['KIF2C', 'MKI67', 'BUB1', 'AURKB']",3.4859562681902068,foldChange,Regulation of chromosome segregation ,4
regulation of spindle organization (GO:0090224),0.00032662071998616326,"['TPX2', 'BORA', 'PSRC1', 'TACC3']",3.4859562681902068,foldChange,Regulation of spindle organization ,4
histone exchange (GO:0043486),0.00044287506252468727,"['CENPW', 'MIS18A', 'HJURP', 'KNL1', 'CENPA']",3.353718773345473,foldChange,Histone exchange ,5
positive regulation of G2/M transition of mitotic cell cycle (GO:0010971),0.0004921841525966705,"['CCNB1', 'CDK1', 'FBXO5', 'CDC25B']",3.3078723738729927,foldChange,Positive regulation of g2/m transition of mitotic cell cycle ,4
DNA replication-independent nucleosome assembly (GO:0006336),0.0004921841525966705,"['CENPW', 'MIS18A', 'HJURP', 'KNL1', 'CENPA']",3.3078723738729927,foldChange,Dna replication-independent nucleosome assembly ,5
regulation of metaphase/anaphase transition of cell cycle (GO:1902099),0.0006226687239000064,"['CENPE', 'UBE2C', 'PLK1']",3.2057429479589743,foldChange,Regulation of metaphase/anaphase transition of cell cycle ,3
antigen processing and presentation of exogenous peptide antigen via MHC class II (GO:0019886),0.0006686927372987208,"['CENPE', 'RACGAP1', 'KIF4B', 'KIF23', 'KIF2C', 'KIF11', 'KIF22']",3.1747733936659857,foldChange,Antigen processing and presentation of exogenous peptide antigen via mhc class ii ,7
homologous chromosome segregation (GO:0045143),0.0007056908266783998,"['SGO1', 'SGO2', 'PTTG1', 'PTTG2']",3.1513855279517884,foldChange,Homologous chromosome segregation ,4
antigen processing and presentation of peptide antigen via MHC class II (GO:0002495),0.0007439308876415271,"['CENPE', 'RACGAP1', 'KIF4B', 'KIF23', 'KIF2C', 'KIF11', 'KIF22']",3.1284674092257596,foldChange,Antigen processing and presentation of peptide antigen via mhc class ii ,7
cytoskeleton-dependent intracellular transport (GO:0030705),0.0008111396095632131,"['TUBA1C', 'TUBA1B', 'TUBA1A', 'TUBB']",3.0909043906164575,foldChange,Cytoskeleton-dependent intracellular transport ,4
positive regulation of cell cycle G2/M phase transition (GO:1902751),0.0008111396095632131,"['CCNB1', 'CDK1', 'FBXO5', 'CDC25B']",3.0909043906164575,foldChange,Positive regulation of cell cycle g2/m phase transition ,4
mitotic cell cycle checkpoint signaling (GO:0007093),0.0008111396095632131,"['BUB1B', 'BUB1', 'AURKB', 'ZWINT']",3.0909043906164575,foldChange,Mitotic cell cycle checkpoint signaling ,4
antigen processing and presentation of exogenous peptide antigen (GO:0002478),0.000859683401816914,"['CENPE', 'RACGAP1', 'KIF4B', 'KIF23', 'KIF2C', 'KIF11', 'KIF22']",3.0656614582436124,foldChange,Antigen processing and presentation of exogenous peptide antigen ,7
regulation of small GTPase mediated signal transduction (GO:0051056),0.0009483887995955943,"['ARHGAP33', 'ARHGAP11A', 'ARHGAP11B', 'DEPDC1B', 'RACGAP1', 'ARHGAP19', 'ECT2', 'FOXM1']",3.023013583650568,foldChange,Regulation of small gtpase mediated signal transduction ,8
"DNA damage response, signal transduction by p53 class mediator (GO:0030330)",0.0010365761927875392,"['CCNB1', 'CDK1', 'FOXM1', 'GTSE1', 'AURKA', 'E2F8']",2.984398769893297,foldChange,"Dna damage response, signal transduction by p53 class mediator ",6
regulation of cell division (GO:0051302),0.0011908188404905573,"['PLK4', 'KIF18B', 'PLK1', 'KIF20A', 'AURKB', 'AURKA']",2.9241543027989465,foldChange,Regulation of cell division ,6
meiosis I (GO:0007127),0.001269435230722711,"['SGO1', 'SGO2', 'PTTG1', 'PTTG2']",2.8963894528503693,foldChange,Meiosis i ,4
regulation of intracellular signal transduction (GO:1902531),0.00139443146497187,"['ARHGAP11A', 'ARHGAP11B', 'ARHGAP19', 'AURKB', 'AURKA', 'ARHGAP33', 'TPX2', 'DEPDC1B', 'RACGAP1', 'TP53INP1', 'CDK1', 'FAM83D', 'ECT2', 'CDK5R1']",2.855602826049038,foldChange,Regulation of intracellular signal transduction ,14
positive regulation of microtubule polymerization (GO:0031116),0.0016773664356740344,"['PSRC1', 'CKAP5', 'CDK5R1', 'HSPA1A']",2.775372051522087,foldChange,Positive regulation of microtubule polymerization ,4
protein K11-linked ubiquitination (GO:0070979),0.0019114827301551405,"['FZR1', 'UBE2C', 'UBE2S', 'RNF26']",2.7186296213866257,foldChange,Protein k11-linked ubiquitination ,4
cell cycle checkpoint signaling (GO:0000075),0.0020256823229097853,"['BUB1B', 'BUB1', 'ZWINT']",2.6934286617521135,foldChange,Cell cycle checkpoint signaling ,3
DNA repair (GO:0006281),0.0021267492406121364,"['H2AX', 'CDKN2D', 'RAD51AP1', 'FAM111A', 'EME1', 'CDCA5', 'RAD21', 'CDK1', 'KPNA2', 'POLH', 'TICRR']",2.672283713594422,foldChange,Dna repair ,11
"DNA damage response, signal transduction by p53 class mediator resulting in cell cycle arrest (GO:0006977)",0.0023532321361433087,"['CCNB1', 'CDK1', 'GTSE1', 'AURKA', 'E2F8']",2.6283352294438584,foldChange,"Dna damage response, signal transduction by p53 class mediator resulting in cell cycle arrest ",5
ubiquitin-dependent protein catabolic process (GO:0006511),0.002377231768046736,"['CDC20', 'FZR1', 'PTTG1', 'UBE2C', 'UBE2S', 'PLK1', 'KIF14', 'BUB1B', 'BUB3', 'AURKB', 'AURKA', 'MAD2L1']",2.6239284746971814,foldChange,Ubiquitin-dependent protein catabolic process ,12
regulation of cell population proliferation (GO:0042127),0.0024076348553245604,"['CDKN2D', 'H2AC4', 'HP1BP3', 'HILPDA', 'HMGB2', 'KIF14', 'TTK', 'FOXM1', 'SHCBP1', 'CDC25B', 'CXCL10', 'SAPCD2', 'TP53INP1', 'BIRC5', 'PIM2', 'FBXO5', 'KIF20B', 'HSPA1A', 'CDKN3']",2.6184093780214677,foldChange,Regulation of cell population proliferation ,19
regulation of mitotic cell cycle spindle assembly checkpoint (GO:0090266),0.0024918654108303,"['CCNB1', 'NDC80', 'MAD2L1']",2.603475418237674,foldChange,Regulation of mitotic cell cycle spindle assembly checkpoint ,3
cellular protein-containing complex assembly (GO:0034622),0.002785685811796696,"['ANLN', 'CENPE', 'HSP90AA1', 'CENPF', 'CENPW', 'CENPA', 'DLGAP5', 'HSPA1A']",2.5550678677747856,foldChange,Cellular protein-containing complex assembly ,8
mitotic DNA damage checkpoint signaling (GO:0044773),0.0028723340828479206,"['FZR1', 'EME1', 'PLK1', 'CDK1', 'TICRR']",2.541765048448103,foldChange,Mitotic dna damage checkpoint signaling ,5
mitotic G2 DNA damage checkpoint signaling (GO:0007095),0.002930800303065596,"['FZR1', 'PLK1', 'CDK1', 'TICRR']",2.5330137722238915,foldChange,Mitotic g2 dna damage checkpoint signaling ,4
protein localization to chromosome (GO:0034502),0.0032660627117244785,"['RAD21', 'PLK1', 'HASPIN', 'CENPA']",2.485975480623718,foldChange,Protein localization to chromosome ,4
mitotic G1 DNA damage checkpoint signaling (GO:0031571),0.004394168170896513,"['CCNB1', 'CDK1', 'GTSE1', 'AURKA', 'E2F8']",2.3571233260466498,foldChange,Mitotic g1 dna damage checkpoint signaling ,5
protein phosphorylation (GO:0006468),0.004414483910858767,"['PLK4', 'PLK1', 'TTK', 'HASPIN', 'AURKB', 'AURKA', 'CDC25B', 'CCNA2', 'INCENP', 'CDK1', 'BIRC5', 'NEK2', 'PIM2', 'CDK5R1']",2.355120061682626,foldChange,Protein phosphorylation ,14
DNA conformation change (GO:0071103),0.00643156332932898,"['TOP2A', 'HMGB2', 'HMGB3']",2.1916834496608195,foldChange,Dna conformation change ,3
regulation of DNA recombination (GO:0000018),0.007148710732247788,"['RAD51AP1', 'H1-5', 'KPNA2', 'H1-2']",2.1457722760112707,foldChange,Regulation of dna recombination ,4
protein modification by small protein conjugation (GO:0032446),0.0077598439841602305,"['H2BC12', 'H2BC9', 'H2BC13', 'H2BC14', 'UBE2C', 'UBE2S', 'RNF26', 'H2BC3', 'PLK1', 'CCNF', 'RANGAP1', 'H2BC17']",2.1101470103783373,foldChange,Protein modification by small protein conjugation ,12
positive regulation of protein kinase activity (GO:0045860),0.008072322957805227,"['TPX2', 'CENPE', 'HSP90AA1', 'BORA', 'INCENP', 'KIF14', 'ECT2']",2.093001471153341,foldChange,Positive regulation of protein kinase activity ,7
meiotic sister chromatid segregation (GO:0045144),0.008352958650759638,"['SGO1', 'SGO2']",2.0781596684554335,foldChange,Meiotic sister chromatid segregation ,2
trophoblast giant cell differentiation (GO:0060707),0.008352958650759638,"['PLK4', 'E2F8']",2.0781596684554335,foldChange,Trophoblast giant cell differentiation ,2
mitotic G2/M transition checkpoint (GO:0044818),0.008909097327933704,"['FZR1', 'PLK1', 'CDK1', 'TICRR']",2.050166296564332,foldChange,Mitotic g2/m transition checkpoint ,4
regulation of DNA metabolic process (GO:0051052),0.00950361245698318,"['PIF1', 'KPNA2', 'POLH', 'TICRR']",2.022111281877331,foldChange,Regulation of dna metabolic process ,4
regulation of telomerase activity (GO:0051972),0.00950361245698318,"['PIF1', 'HSP90AA1', 'NEK2', 'AURKB']",2.022111281877331,foldChange,Regulation of telomerase activity ,4
protein localization to chromatin (GO:0071168),0.00950361245698318,"['H1-5', 'RAD21', 'PLK1']",2.022111281877331,foldChange,Protein localization to chromatin ,3
cytokine-mediated signaling pathway (GO:0019221),2.0062029668906712e-14,"['IFITM1', 'TNFRSF13C', 'HSP90B1', 'PSMB4', 'UBB', 'HNRNPDL', 'TMSB4X', 'MYC', 'UBC', 'TNFRSF17', 'B2M', 'JUNB', 'HLA-DPA1', 'EIF5A', 'HSPA8', 'EGR1', 'HSP90AA1', 'CCL22', 'HLA-B', 'HLA-C', 'MIF', 'HLA-A', 'PSMB8', 'HLA-E', 'BST2', 'NFKBIA', 'FCER2', 'CXCL10', 'IRF4', 'HNRNPA2B1', 'TCP1', 'LTA', 'HLA-DRA', 'BIRC5', 'LCP1', 'UBA52']",13.697625131663779,raw,Cytokine-mediated signaling pathway ,36
negative regulation of programmed cell death (GO:0043069),7.292607645569476e-10,"['CD74', 'PRELID1', 'ARL6IP1', 'HSPA5', 'GSTP1', 'PLK1', 'LAPTM5', 'HSPB1', 'MIF', 'PHB2', 'HIGD2A', 'HSP90B1', 'NFKBIA', 'HNRNPK', 'UBB', 'ARHGDIA', 'MYC', 'UBC', 'CDK1', 'BIRC5', 'PIM2', 'PTMA', 'UBA52', 'TPT1']",9.137117151574515,raw,Negative regulation of programmed cell death ,24
regulation of apoptotic process (GO:0042981),1.7770056706089433e-09,"['TOP2A', 'ARL6IP1', 'GSTP1', 'HSPB1', 'PHB2', 'HSP90B1', 'LGALS1', 'UBB', 'ARHGDIA', 'MYC', 'UBC', 'RACK1', 'PIM2', 'CD74', 'PRELID1', 'HSP90AA1', 'HSPA5', 'GADD45B', 'PLK1', 'MIF', 'HIGD2A', 'NFKBIA', 'CXCL10', 'HNRNPK', 'APEX1', 'CDK1', 'BIRC5', 'CALR', 'PTMA', 'UBA52', 'TPT1', 'ATF4']",8.750311186313864,raw,Regulation of apoptotic process ,32
negative regulation of apoptotic process (GO:0043066),9.542658443207808e-09,"['ARL6IP1', 'GSTP1', 'HSPB1', 'PHB2', 'HSP90B1', 'UBB', 'ARHGDIA', 'MYC', 'UBC', 'PIM2', 'CD74', 'PRELID1', 'GPX1', 'HSPA5', 'PLK1', 'MIF', 'HIGD2A', 'NFKBIA', 'SFPQ', 'HNRNPK', 'CDK1', 'BIRC5', 'PTMA', 'UBA52', 'TPT1']",8.020330620434185,raw,Negative regulation of apoptotic process ,25
anaphase-promoting complex-dependent catabolic process (GO:0031145),1.6429814872734785e-08,"['CDC20', 'CCNB1', 'PSMB4', 'UBB', 'UBE2C', 'UBC', 'PLK1', 'CDK1', 'BUB3', 'UBA52', 'AURKB', 'PSMB8']",7.784367330064798,raw,Anaphase-promoting complex-dependent catabolic process ,12
regulation of mitotic cell cycle phase transition (GO:1901990),2.2942465593060571e-07,"['HSP90AA1', 'UBE2C', 'TUBB', 'PLK1', 'TUBB4B', 'PSMB8', 'CDC20', 'CCNB1', 'PSMB4', 'TUBA1A', 'UBB', 'UBC', 'CDK1', 'BUB3', 'UBA52']",6.639359910936911,raw,Regulation of mitotic cell cycle phase transition ,15
DNA metabolic process (GO:0006259),8.003754701290151e-07,"['TOP2A', 'BTG2', 'FEN1', 'PCNA', 'MCM7', 'HMGB2', 'UBB', 'TRIM28', 'APEX1', 'RAD21', 'UBC', 'POLE3', 'CDK1', 'MCM4', 'KPNA2', 'UBA52', 'RAN']",6.096706230069382,raw,Dna metabolic process ,17
"antigen processing and presentation of exogenous peptide antigen via MHC class I, TAP-independent (GO:0002480)",1.2351294713002316e-06,"['HLA-B', 'HLA-C', 'HLA-A', 'B2M', 'HLA-E']",5.908287515502216,raw,"Antigen processing and presentation of exogenous peptide antigen via mhc class i, tap-independent ",5
cellular response to type I interferon (GO:0071357),3.1283489127259633e-06,"['BST2', 'EGR1', 'IFITM1', 'IRF4', 'HLA-B', 'HLA-C', 'HLA-A', 'PSMB8', 'HLA-E']",5.504684814940538,raw,Cellular response to type i interferon ,9
type I interferon signaling pathway (GO:0060337),3.1283489127259633e-06,"['BST2', 'EGR1', 'IFITM1', 'IRF4', 'HLA-B', 'HLA-C', 'HLA-A', 'PSMB8', 'HLA-E']",5.504684814940538,raw,Type i interferon signaling pathway ,9
modulation by symbiont of host process (GO:0044003),3.9769521959263285e-06,"['UBB', 'UBC', 'ENO1', 'B2M', 'UBA52']",5.400449629323345,raw,Modulation by symbiont of host process ,5
regulation of mitotic cell cycle (GO:0007346),4.671531284563825e-06,"['BTG2', 'BTG1', 'UBE2C', 'PLK1', 'MKI67', 'PSMB8', 'CDC20', 'CCNB1', 'PSMB4', 'CDK1', 'CKS2', 'PIM2', 'BUB3']",5.330540738399774,raw,Regulation of mitotic cell cycle ,13
regulation of exit from mitosis (GO:0007096),1.5438484960590322e-05,"['CDC20', 'UBB', 'UBE2C', 'UBC', 'BUB3', 'PHB2', 'UBA52']",4.811395320939349,raw,Regulation of exit from mitosis ,7
"mRNA splicing, via spliceosome (GO:0000398)",1.5851140255080483e-05,"['SRRM2', 'DDX17', 'HSPA8', 'SF3B5', 'DDX5', 'FUS', 'PNN', 'SFPQ', 'HNRNPK', 'HNRNPH1', 'PCBP1', 'HNRNPA2B1', 'SRSF2', 'SRSF3', 'HNRNPA1']",4.799939491258368,raw,"Mrna splicing, via spliceosome ",15
regulation of translation (GO:0006417),2.9571740388034185e-05,"['EIF4A2', 'RBM3', 'BTG2', 'SHMT2', 'NCL', 'RACK1', 'HSPB1', 'CALR', 'EEF2', 'GAPDH', 'EIF4G2', 'EIF1']",4.529123115153375,raw,Regulation of translation ,12
"RNA splicing, via transesterification reactions with bulged adenosine as nucleophile (GO:0000377)",2.9571740388034185e-05,"['SRRM2', 'HSPA8', 'SF3B5', 'DDX5', 'FUS', 'PNN', 'SFPQ', 'HNRNPK', 'HNRNPH1', 'PCBP1', 'HNRNPA2B1', 'SRSF2', 'SRSF3', 'HNRNPA1']",4.529123115153375,raw,"Rna splicing, via transesterification reactions with bulged adenosine as nucleophile ",14
antigen processing and presentation of endogenous peptide antigen via MHC class I via ER pathway (GO:0002484),3.0544683963245033e-05,"['HLA-B', 'HLA-C', 'HLA-A', 'HLA-E']",4.515064364024485,raw,Antigen processing and presentation of endogenous peptide antigen via mhc class i via er pathway ,4
"antigen processing and presentation of endogenous peptide antigen via MHC class I via ER pathway, TAP-independent (GO:0002486)",3.0544683963245033e-05,"['HLA-B', 'HLA-C', 'HLA-A', 'HLA-E']",4.515064364024485,raw,"Antigen processing and presentation of endogenous peptide antigen via mhc class i via er pathway, tap-independent ",4
response to host defenses (GO:0052200),3.0544683963245033e-05,"['UBB', 'UBC', 'B2M', 'UBA52']",4.515064364024485,raw,Response to host defenses ,4
modulation by symbiont of host defense response (GO:0052031),3.0544683963245033e-05,"['UBB', 'UBC', 'B2M', 'UBA52']",4.515064364024485,raw,Modulation by symbiont of host defense response ,4
glycolytic process (GO:0006096),3.0544683963245033e-05,"['LDHA', 'TPI1', 'PKM', 'ALDOC', 'ENO1', 'GAPDH']",4.515064364024485,raw,Glycolytic process ,6
mRNA processing (GO:0006397),3.0544683963245033e-05,"['SRRM2', 'HSPA8', 'SF3B5', 'DDX5', 'FUS', 'PNN', 'SFPQ', 'HNRNPK', 'HNRNPH1', 'PCBP1', 'HNRNPA2B1', 'SRSF2', 'SRSF3', 'AURKAIP1', 'HNRNPA1']",4.515064364024485,raw,Mrna processing ,15
interferon-gamma-mediated signaling pathway (GO:0060333),3.0544683963245033e-05,"['IRF4', 'HLA-B', 'HLA-C', 'HLA-DRA', 'HLA-A', 'B2M', 'HLA-DPA1', 'HLA-E']",4.515064364024485,raw,Interferon-gamma-mediated signaling pathway ,8
cellular response to interferon-gamma (GO:0071346),3.0544683963245033e-05,"['CCL22', 'IRF4', 'HLA-B', 'HLA-C', 'HLA-DRA', 'HLA-A', 'B2M', 'GAPDH', 'HLA-E', 'HLA-DPA1']",4.515064364024485,raw,Cellular response to interferon-gamma ,10
nucleic acid metabolic process (GO:0090304),4.100588351513198e-05,"['FEN1', 'HNRNPK', 'HNRNPH1', 'PCBP1', 'HNRNPA2B1', 'KPNA2', 'HNRNPA1', 'RAN']",4.387153826332971,raw,Nucleic acid metabolic process ,8
"antigen processing and presentation of exogenous peptide antigen via MHC class I, TAP-dependent (GO:0002479)",4.897356737356252e-05,"['PSMB4', 'HLA-B', 'HLA-C', 'HLA-A', 'CALR', 'B2M', 'PSMB8', 'HLA-E']",4.310038259587574,raw,"Antigen processing and presentation of exogenous peptide antigen via mhc class i, tap-dependent ",8
DNA duplex unwinding (GO:0032508),5.055678520828528e-05,"['PIF1', 'MCM7', 'UBB', 'UBC', 'HMGA1', 'MCM4', 'UBA52']",4.2962205496523085,raw,Dna duplex unwinding ,7
antigen processing and presentation of peptide antigen via MHC class I (GO:0002474),5.569863520464711e-05,"['HLA-B', 'HLA-C', 'HLA-A', 'CALR', 'B2M', 'HLA-E']",4.254155446304771,raw,Antigen processing and presentation of peptide antigen via mhc class i ,6
regulation of cell division (GO:0051302),6.003414222866333e-05,"['MYC', 'PLK1', 'RACK1', 'TXNIP', 'CALM3', 'KIF20A', 'CALM2', 'AURKB']",4.221601690210875,raw,Regulation of cell division ,8
antigen processing and presentation of exogenous peptide antigen via MHC class I (GO:0042590),7.094189365238302e-05,"['PSMB4', 'HLA-B', 'HLA-C', 'HLA-A', 'CALR', 'B2M', 'PSMB8', 'HLA-E']",4.149097223084202,raw,Antigen processing and presentation of exogenous peptide antigen via mhc class i ,8
regulation of cell cycle (GO:0051726),0.0001037662899961217,"['HSP90AB1', 'JUND', 'GADD45B', 'PLK1', 'MIF', 'CCNB1', 'MYC', 'RACK1', 'CKS2', 'BIRC5', 'CALR', 'PIM2', 'JUNB', 'EIF4G2']",3.9839437105187026,raw,Regulation of cell cycle ,14
protein-DNA complex assembly (GO:0065004),0.0001037662899961217,"['H2AX', 'H2BC12', 'PSMB4', 'UBB', 'MCM7', 'UBC', 'HMGB2', 'MCM4', 'UBA52', 'PSMB8']",3.9839437105187026,raw,Protein-dna complex assembly ,10
cellular response to cytokine stimulus (GO:0071345),0.0001037662899961217,"['HSPA8', 'EGR1', 'HSP90AA1', 'CCL22', 'HSP90B1', 'FCER2', 'CXCL10', 'ZFP36', 'UBB', 'IRF4', 'MYC', 'UBC', 'BIRC5', 'CCR7', 'GAPDH', 'JUNB', 'UBA52', 'HLA-DPA1']",3.9839437105187026,raw,Cellular response to cytokine stimulus ,18
regulation of immune response (GO:0050776),0.0001089180590663554,"['SPN', 'IFITM1', 'IRF4', 'HLA-B', 'HLA-C', 'SLAMF7', 'HLA-DRA', 'HLA-A', 'B2M', 'CD22', 'HLA-E']",3.962900106445938,raw,Regulation of immune response ,11
regulation of mRNA stability (GO:0043488),0.00011802844764253868,"['HSPA8', 'ZFP36', 'PSMB4', 'UBB', 'FUS', 'APEX1', 'UBC', 'HSPB1', 'UBA52', 'PSMB8']",3.9280133048533967,raw,Regulation of mrna stability ,10
positive regulation of DNA biosynthetic process (GO:2000573),0.00013131731910840825,"['HSP90AA1', 'HSP90AB1', 'PCNA', 'MYC', 'TCP1', 'HNRNPA1', 'AURKB']",3.8816779921345157,raw,Positive regulation of dna biosynthetic process ,7
carbohydrate catabolic process (GO:0016052),0.00016010532390570685,"['LDHA', 'TPI1', 'PKM', 'ALDOC', 'ENO1', 'GAPDH']",3.7955942264540425,raw,Carbohydrate catabolic process ,6
pre-replicative complex assembly (GO:0036388),0.00016460349461682952,"['PSMB4', 'MCM7', 'UBB', 'UBC', 'MCM4', 'UBA52', 'PSMB8']",3.783560948730708,raw,Pre-replicative complex assembly ,7
canonical glycolysis (GO:0061621),0.00016460349461682952,"['TPI1', 'PKM', 'ALDOC', 'ENO1', 'GAPDH']",3.783560948730708,raw,Canonical glycolysis ,5
glucose catabolic process to pyruvate (GO:0061718),0.00016460349461682952,"['TPI1', 'PKM', 'ALDOC', 'ENO1', 'GAPDH']",3.783560948730708,raw,Glucose catabolic process to pyruvate ,5
cellular macromolecule biosynthetic process (GO:0034645),0.00016508171372218148,"['PIF1', 'FEN1', 'MCM7', 'EEF2', 'TUFM', 'EEF1B2', 'MRPL41', 'FAM111A', 'MRPL51', 'POLE3', 'CDK1', 'MCM4', 'PTMA', 'EIF4G2']",3.7823010313367598,raw,Cellular macromolecule biosynthetic process ,14
regulation of mRNA catabolic process (GO:0061013),0.00017407002055659038,"['HSPA8', 'ZFP36', 'PSMB4', 'UBB', 'APEX1', 'UBC', 'HSPB1', 'UBA52', 'PSMB8']",3.759276019393665,raw,Regulation of mrna catabolic process ,9
glycolytic process through glucose-6-phosphate (GO:0061620),0.0001898501496173833,"['TPI1', 'PKM', 'ALDOC', 'ENO1', 'GAPDH']",3.7215890562646194,raw,Glycolytic process through glucose-6-phosphate ,5
proteasome-mediated ubiquitin-dependent protein catabolic process (GO:0043161),0.00019833066175664938,"['HSPA5', 'UBE2C', 'PLK1', 'AURKB', 'PSMB8', 'HSP90B1', 'CDC20', 'CCNB1', 'PSMB4', 'UBB', 'UBC', 'CDK1', 'BUB3', 'UBA52']",3.702610139035615,raw,Proteasome-mediated ubiquitin-dependent protein catabolic process ,14
regulation of cell cycle phase transition (GO:1901987),0.00021209964557335597,"['CDC20', 'CCNB1', 'PSMB4', 'UBE2C', 'PLK1', 'CDK1', 'BUB3', 'PSMB8']",3.673460057205571,raw,Regulation of cell cycle phase transition ,8
chromosome condensation (GO:0030261),0.0002256563181100422,"['TOP2A', 'CCNB1', 'PLK1', 'CDK1', 'BANF1', 'H1-2']",3.646552502241714,raw,Chromosome condensation ,6
DNA-dependent DNA replication (GO:0006261),0.00024160179563290307,"['PSMB4', 'UBB', 'MCM7', 'UBC', 'POLE3', 'HMGA1', 'MCM4', 'UBA52', 'PSMB8']",3.6168998422753953,raw,Dna-dependent dna replication ,9
regulation of B cell proliferation (GO:0030888),0.00024160179563290307,"['CD74', 'GPR183', 'MZB1', 'TNFRSF13C', 'MIF', 'CD22']",3.6168998422753953,raw,Regulation of b cell proliferation ,6
regulation of telomerase activity (GO:0051972),0.00024160179563290307,"['PIF1', 'HSP90AA1', 'HSP90AB1', 'MYC', 'TCP1', 'AURKB']",3.6168998422753953,raw,Regulation of telomerase activity ,6
mitotic cell cycle phase transition (GO:0044772),0.0003286897670228736,"['CCNA2', 'CCNB1', 'HSP90AA1', 'TUBA1A', 'UBE2C', 'TUBB', 'MYC', 'PLK1', 'CDK1', 'PIM2', 'TUBB4B']",3.483213816437625,raw,Mitotic cell cycle phase transition ,11
antigen processing and presentation of endogenous peptide antigen (GO:0002483),0.0003347320437379955,"['HLA-DRA', 'HLA-A', 'B2M', 'HLA-E']",3.475302710849681,raw,Antigen processing and presentation of endogenous peptide antigen ,4
translational elongation (GO:0006414),0.00035566746368299586,"['EEF1B2', 'MRPL41', 'MRPL51', 'MRPS34', 'RACK1', 'AURKAIP1', 'EEF2', 'TUFM']",3.4489558620822423,raw,Translational elongation ,8
positive regulation of lymphocyte proliferation (GO:0050671),0.00035566746368299586,"['CD74', 'HLA-DMB', 'GPR183', 'TNFRSF13C', 'MIF', 'HLA-DPA1', 'HLA-E']",3.4489558620822423,raw,Positive regulation of lymphocyte proliferation ,7
DNA repair (GO:0006281),0.00035566746368299586,"['H2AX', 'BTG2', 'FEN1', 'PCNA', 'FAM111A', 'UBB', 'TRIM28', 'APEX1', 'RAD21', 'UBC', 'CDK1', 'KPNA2', 'UBA52']",3.4489558620822423,raw,Dna repair ,13
negative regulation of cellular macromolecule biosynthetic process (GO:2000113),0.0003574706862838781,"['HSPA8', 'BTG2', 'HMGB2', 'HMGA1', 'ENO1', 'PHB2', 'EID1', 'SFPQ', 'TRIM28', 'CCDC85B', 'NCL', 'BHLHE40', 'RACK1', 'ID3', 'BIRC5', 'CALR', 'GAPDH', 'CDK5R1']",3.446759565910799,raw,Negative regulation of cellular macromolecule biosynthetic process ,18
chromosome organization (GO:0051276),0.0003850550394511402,"['TOP2A', 'UBB', 'MYC', 'UBC', 'POLE3', 'HMGB2', 'HMGN2', 'UBA52']",3.414477188357799,raw,Chromosome organization ,8
protein deubiquitination (GO:0016579),0.0005533348494372882,"['CDC20', 'CCNA2', 'NFKBIA', 'PSMB4', 'UBB', 'SHMT2', 'MYC', 'UBC', 'CDK1', 'UBA52', 'ACTB', 'PSMB8']",3.2570119767374153,raw,Protein deubiquitination ,12
pyruvate metabolic process (GO:0006090),0.0005862459288308641,"['LDHA', 'TPI1', 'PKM', 'ALDOC', 'ENO1', 'GAPDH']",3.2319201602127747,raw,Pyruvate metabolic process ,6
positive regulation of transferase activity (GO:0051347),0.0005884613340987303,"['CD74', 'HSP90AA1', 'HSP90AB1', 'PCNA', 'MYC', 'PLK1', 'TCP1', 'HNRNPA2B1', 'AURKB']",3.2302820679764244,raw,Positive regulation of transferase activity ,9
peptide antigen assembly with MHC protein complex (GO:0002501),0.0005884613340987303,"['HLA-DMB', 'HLA-DRA', 'CALR']",3.2302820679764244,raw,Peptide antigen assembly with mhc protein complex ,3
positive regulation of tau-protein kinase activity (GO:1902949),0.0005884613340987303,"['EGR1', 'HSP90AA1', 'HSP90AB1']",3.2302820679764244,raw,Positive regulation of tau-protein kinase activity ,3
protection from natural killer cell mediated cytotoxicity (GO:0042270),0.0005884613340987303,"['HLA-B', 'HLA-A', 'HLA-E']",3.2302820679764244,raw,Protection from natural killer cell mediated cytotoxicity ,3
regulation of G2/M transition of mitotic cell cycle (GO:0010389),0.0005884613340987303,"['CCNB1', 'HSP90AA1', 'PSMB4', 'TUBA1A', 'TUBB', 'PLK1', 'CDK1', 'TUBB4B', 'PSMB8']",3.2302820679764244,raw,Regulation of g2/m transition of mitotic cell cycle ,9
positive regulation of telomerase activity (GO:0051973),0.0006209648552766534,"['HSP90AA1', 'HSP90AB1', 'MYC', 'TCP1', 'AURKB']",3.2069329788754866,raw,Positive regulation of telomerase activity ,5
tumor necrosis factor-mediated signaling pathway (GO:0033209),0.00064182810968344,"['NFKBIA', 'EIF5A', 'PSMB4', 'TMSB4X', 'LTA', 'TNFRSF17', 'TNFRSF13C', 'PSMB8']",3.192581266341368,raw,Tumor necrosis factor-mediated signaling pathway ,8
DNA strand elongation involved in DNA replication (GO:0006271),0.000756909445090567,"['PCNA', 'MCM7', 'POLE3', 'MCM4']",3.1209560753875203,raw,Dna strand elongation involved in dna replication ,4
cellular response to tumor necrosis factor (GO:0071356),0.000756909445090567,"['NFKBIA', 'EIF5A', 'PSMB4', 'ZFP36', 'CCL22', 'TMSB4X', 'LTA', 'TNFRSF17', 'TNFRSF13C', 'PSMB8']",3.1209560753875203,raw,Cellular response to tumor necrosis factor ,10
positive regulation of T cell mediated immunity (GO:0002711),0.0007790772129406581,"['HLA-B', 'HLA-DRA', 'HLA-A', 'B2M', 'HLA-E']",3.108419498049773,raw,Positive regulation of t cell mediated immunity ,5
neutrophil degranulation (GO:0043312),0.0007888704395283915,"['HSPA8', 'HSP90AA1', 'HSP90AB1', 'TUBB', 'GSTP1', 'HLA-B', 'HLA-C', 'MIF', 'TUBB4B', 'EEF2', 'BST2', 'PKM', 'IMPDH2', 'ALDOC', 'B2M', 'FTL']",3.1029943174726955,raw,Neutrophil degranulation ,16
neutrophil activation involved in immune response (GO:0002283),0.0008590942601179442,"['HSPA8', 'HSP90AA1', 'HSP90AB1', 'TUBB', 'GSTP1', 'HLA-B', 'HLA-C', 'MIF', 'TUBB4B', 'EEF2', 'BST2', 'PKM', 'IMPDH2', 'ALDOC', 'B2M', 'FTL']",3.065959182614377,raw,Neutrophil activation involved in immune response ,16
"regulation of mRNA splicing, via spliceosome (GO:0048024)",0.0008931193199974441,"['RBM3', 'DDX17', 'DDX5', 'HNRNPK', 'NCL', 'SRSF3', 'HNRNPA1']",3.0490905158541626,raw,"Regulation of mrna splicing, via spliceosome ",7
neutrophil mediated immunity (GO:0002446),0.0008993919772499486,"['HSPA8', 'HSP90AA1', 'HSP90AB1', 'TUBB', 'GSTP1', 'HLA-B', 'HLA-C', 'MIF', 'TUBB4B', 'EEF2', 'BST2', 'PKM', 'IMPDH2', 'ALDOC', 'B2M', 'FTL']",3.0460509907414113,raw,Neutrophil mediated immunity ,16
interleukin-1-mediated signaling pathway (GO:0070498),0.0011456734938578353,"['NFKBIA', 'EGR1', 'PSMB4', 'UBB', 'UBC', 'UBA52', 'PSMB8']",2.940939134567351,raw,Interleukin-1-mediated signaling pathway ,7
microtubule cytoskeleton organization involved in mitosis (GO:1902850),0.0011456734938578353,"['CDC20', 'CCNB1', 'PLK1', 'BIRC5', 'BUB3', 'ZWINT', 'AURKB', 'RAN']",2.940939134567351,raw,Microtubule cytoskeleton organization involved in mitosis ,8
G2/M transition of mitotic cell cycle (GO:0000086),0.001223027640563671,"['CCNA2', 'CCNB1', 'HSP90AA1', 'TUBA1A', 'TUBB', 'PLK1', 'CDK1', 'TUBB4B']",2.912563727748154,raw,G2/m transition of mitotic cell cycle ,8
error-prone translesion synthesis (GO:0042276),0.001223027640563671,"['PCNA', 'UBB', 'UBC', 'UBA52']",2.912563727748154,raw,Error-prone translesion synthesis ,4
spindle assembly checkpoint signaling (GO:0071173),0.001223027640563671,"['CDC20', 'PLK1', 'BUB3', 'ZWINT']",2.912563727748154,raw,Spindle assembly checkpoint signaling ,4
mitotic spindle assembly checkpoint signaling (GO:0007094),0.001223027640563671,"['CDC20', 'PLK1', 'BUB3', 'ZWINT']",2.912563727748154,raw,Mitotic spindle assembly checkpoint signaling ,4
mitotic spindle checkpoint signaling (GO:0071174),0.001223027640563671,"['CDC20', 'PLK1', 'BUB3', 'ZWINT']",2.912563727748154,raw,Mitotic spindle checkpoint signaling ,4
cell cycle G2/M phase transition (GO:0044839),0.0012332619891491754,"['CCNA2', 'CCNB1', 'HSP90AA1', 'TUBA1A', 'TUBB', 'PLK1', 'CDK1', 'TUBB4B']",2.908944653854047,raw,Cell cycle g2/m phase transition ,8
regulation of cyclic-nucleotide phosphodiesterase activity (GO:0051342),0.0012332619891491754,"['RACK1', 'CALM3', 'CALM2']",2.908944653854047,raw,Regulation of cyclic-nucleotide phosphodiesterase activity ,3
gluconeogenesis (GO:0006094),0.0012332619891491754,"['TPI1', 'ALDOC', 'ENO1', 'GAPDH', 'ATF4']",2.908944653854047,raw,Gluconeogenesis ,5
error-free translesion synthesis (GO:0070987),0.0013784578338035189,"['PCNA', 'UBB', 'UBC', 'UBA52']",2.8606065141621513,raw,Error-free translesion synthesis ,4
natural killer cell mediated cytotoxicity (GO:0042267),0.0013784578338035189,"['TUBB', 'SLAMF7', 'TUBB4B', 'CORO1A']",2.8606065141621513,raw,Natural killer cell mediated cytotoxicity ,4
negative regulation of mitotic metaphase/anaphase transition (GO:0045841),0.0013784578338035189,"['CDC20', 'PLK1', 'BUB3', 'ZWINT']",2.8606065141621513,raw,Negative regulation of mitotic metaphase/anaphase transition ,4
negative regulation of nucleic acid-templated transcription (GO:1903507),0.0015591633067129666,"['EIF4A2', 'HSPA8', 'HMGB2', 'HMGA1', 'ENO1', 'PHB2', 'EID1', 'SFPQ', 'TRIM28', 'CCDC85B', 'BHLHE40', 'ID3', 'BIRC5', 'CALR', 'CDK5R1']",2.8071083944391746,raw,Negative regulation of nucleic acid-templated transcription ,15
negative regulation of viral process (GO:0048525),0.0015610931793578157,"['BST2', 'FAM111A', 'IFITM1', 'ZFP36', 'TRIM28', 'BANF1']",2.806571173764497,raw,Negative regulation of viral process ,6
hexose biosynthetic process (GO:0019319),0.001625381201225372,"['TPI1', 'ALDOC', 'ENO1', 'GAPDH', 'ATF4']",2.7890447675014234,raw,Hexose biosynthetic process ,5
ATF6-mediated unfolded protein response (GO:0036500),0.0016578222092559316,"['HSPA5', 'CALR', 'HSP90B1']",2.7804620465717895,raw,Atf6-mediated unfolded protein response ,3
antigen processing and presentation of exogenous peptide antigen (GO:0002478),0.0016578222092559316,"['CD74', 'HLA-DMB', 'HLA-DRA', 'HLA-A', 'HLA-DOA', 'HLA-E', 'HLA-DPA1']",2.7804620465717895,raw,Antigen processing and presentation of exogenous peptide antigen ,7
"negative regulation of transcription, DNA-templated (GO:0045892)",0.0016578222092559316,"['HSPA8', 'DDX5', 'PLK1', 'HMGB2', 'HMGA1', 'ENO1', 'PHB2', 'AURKB', 'EID1', 'ZFP36', 'SFPQ', 'UBB', 'TRIM28', 'CCDC85B', 'MYC', 'UBC', 'BHLHE40', 'ID3', 'BIRC5', 'CALR', 'UBA52', 'ATF4', 'CDK5R1']",2.7804620465717895,raw,"Negative regulation of transcription, dna-templated ",23
protein stabilization (GO:0050821),0.0016757782791162643,"['HSP90AA1', 'HSP90AB1', 'TCP1', 'PIM2', 'CALR', 'PFN1', 'PPIB', 'PHB2', 'GAPDH']",2.7757834430602872,raw,Protein stabilization ,9
RNA processing (GO:0006396),0.0016757782791162643,"['DDX17', 'RBM3', 'SFPQ', 'HNRNPK', 'FUS', 'HNRNPH1', 'HNRNPA2B1', 'SRSF2', 'AURKAIP1']",2.7757834430602872,raw,Rna processing ,9
"nucleotide-excision repair, DNA gap filling (GO:0006297)",0.0017825458408063529,"['PCNA', 'UBB', 'UBC', 'UBA52']",2.748959292806669,raw,"Nucleotide-excision repair, dna gap filling ",4
interleukin-12-mediated signaling pathway (GO:0035722),0.0018698634420420892,"['HNRNPDL', 'HNRNPA2B1', 'TCP1', 'MIF', 'LCP1']",2.728190109256618,raw,Interleukin-12-mediated signaling pathway ,5
DNA replication (GO:0006260),0.002119101800271283,"['PIF1', 'FAM111A', 'FEN1', 'MCM7', 'POLE3', 'CDK1', 'MCM4']",2.6738481795638083,raw,Dna replication ,7
protein modification by small protein removal (GO:0070646),0.0021553605696190497,"['CDC20', 'CCNA2', 'NFKBIA', 'PSMB4', 'UBB', 'MYC', 'UBC', 'CDK1', 'UBA52', 'ACTB', 'PSMB8']",2.666480066432747,raw,Protein modification by small protein removal ,11
regulation of tau-protein kinase activity (GO:1902947),0.0021553605696190497,"['EGR1', 'HSP90AA1', 'HSP90AB1']",2.666480066432747,raw,Regulation of tau-protein kinase activity ,3
modification-dependent macromolecule catabolic process (GO:0043632),0.0021553605696190497,"['UBB', 'UBC', 'UBA52']",2.666480066432747,raw,Modification-dependent macromolecule catabolic process ,3
cellular response to interleukin-12 (GO:0071349),0.0021833675861405565,"['HNRNPDL', 'HNRNPA2B1', 'TCP1', 'MIF', 'LCP1']",2.660873141435446,raw,Cellular response to interleukin-12 ,5
positive regulation of T cell mediated cytotoxicity (GO:0001916),0.002297857971931127,"['HLA-B', 'HLA-DRA', 'HLA-A', 'HLA-E']",2.6386768180815006,raw,Positive regulation of t cell mediated cytotoxicity ,4
response to unfolded protein (GO:0006986),0.002364597344655144,"['HSPA8', 'HSP90AA1', 'HSP90AB1', 'HSPA5', 'HSPB1']",2.6262428024451903,raw,Response to unfolded protein ,5
positive regulation of cytokine production (GO:0001819),0.002719801349977386,"['CD74', 'EGR1', 'IRF4', 'HILPDA', 'LAPTM5', 'CCR7', 'MIF', 'HLA-A', 'GAPDH', 'HLA-E', 'ATF4', 'HLA-DPA1']",2.5654628149949126,raw,Positive regulation of cytokine production ,12
response to interferon-gamma (GO:0034341),0.0027554348002268047,"['BST2', 'CD74', 'IFITM1', 'CCL22', 'GAPDH', 'HLA-DPA1']",2.559809860899344,raw,Response to interferon-gamma ,6
regulation of immunoglobulin production (GO:0002637),0.0029802080416994623,"['MZB1', 'PHB2', 'CD22', 'HLA-E']",2.525753417733008,raw,Regulation of immunoglobulin production ,4
cellular response to interleukin-1 (GO:0071347),0.0030591623134863795,"['NFKBIA', 'EGR1', 'PSMB4', 'CCL22', 'UBB', 'UBC', 'UBA52', 'PSMB8']",2.514397479543155,raw,Cellular response to interleukin-1 ,8
mitotic spindle organization (GO:0007052),0.003309317911615864,"['CDC20', 'CCNB1', 'PLK1', 'BIRC5', 'BUB3', 'ZWINT', 'AURKB', 'RAN']",2.4802615100754046,raw,Mitotic spindle organization ,8
regulation of T cell mediated cytotoxicity (GO:0001914),0.0033348471238370692,"['HLA-B', 'HLA-DRA', 'HLA-A', 'HLA-E']",2.476924070231916,raw,Regulation of t cell mediated cytotoxicity ,4
regulation of cyclin-dependent protein kinase activity (GO:1904029),0.0034111514305787656,"['CCNA2', 'CCNB1', 'HSP90AB1', 'ACTB', 'CDK5R1']",2.467099000614599,raw,Regulation of cyclin-dependent protein kinase activity ,5
mitotic nuclear membrane disassembly (GO:0007077),0.0034111514305787656,"['CCNB1', 'PLK1', 'CDK1']",2.467099000614599,raw,Mitotic nuclear membrane disassembly ,3
negative regulation of cell division (GO:0051782),0.0034111514305787656,"['MYC', 'TXNIP', 'AURKB']",2.467099000614599,raw,Negative regulation of cell division ,3
positive regulation of ubiquitin protein ligase activity (GO:1904668),0.0034111514305787656,"['CDC20', 'UBE2C', 'PLK1']",2.467099000614599,raw,Positive regulation of ubiquitin protein ligase activity ,3
protein localization to condensed chromosome (GO:1903083),0.0034111514305787656,"['CDK1', 'BUB3', 'AURKB']",2.467099000614599,raw,Protein localization to condensed chromosome ,3
B cell activation (GO:0042113),0.003479986312514086,"['CD79A', 'GPR183', 'SLC25A5', 'PHB2', 'MS4A1', 'CD22']",2.458422464217584,raw,B cell activation ,6
regulation of cell cycle G2/M phase transition (GO:1902749),0.003479986312514086,"['HSP90AA1', 'TUBA1A', 'TUBB', 'PLK1', 'CDK1', 'TUBB4B']",2.458422464217584,raw,Regulation of cell cycle g2/m phase transition ,6
positive regulation of B cell proliferation (GO:0030890),0.003554646607055224,"['CD74', 'GPR183', 'TNFRSF13C', 'MIF']",2.4492035691211944,raw,Positive regulation of b cell proliferation ,4
positive regulation of response to DNA damage stimulus (GO:2001022),0.0035826964979136875,"['H2AX', 'DDX5', 'PCNA', 'TRIM28', 'MYC']",2.4457899807996095,raw,Positive regulation of response to dna damage stimulus ,5
regulation of transcription from RNA polymerase II promoter in response to stress (GO:0043618),0.003851261003184513,"['PSMB4', 'UBB', 'UBC', 'UBA52', 'PSMB8', 'ATF4']",2.4143970478790298,raw,Regulation of transcription from rna polymerase ii promoter in response to stress ,6
innate immune response (GO:0045087),0.003851261003184513,"['H2BC12', 'BST2', 'CD74', 'CXCL10', 'IFITM1', 'TRIM28', 'SHMT2', 'B2M', 'CORO1A', 'PHB2', 'HLA-E']",2.4143970478790298,raw,Innate immune response ,11
positive regulation of cytokine production involved in immune response (GO:0002720),0.005011936959225112,"['LAPTM5', 'HLA-A', 'B2M', 'HLA-E']",2.2999944002542745,raw,Positive regulation of cytokine production involved in immune response ,4
nuclear membrane disassembly (GO:0051081),0.005150942664554338,"['CCNB1', 'PLK1', 'CDK1']",2.2881132842499303,raw,Nuclear membrane disassembly ,3
protein localization to kinetochore (GO:0034501),0.005150942664554338,"['CDK1', 'BUB3', 'AURKB']",2.2881132842499303,raw,Protein localization to kinetochore ,3
cellular response to hypoxia (GO:0071456),0.005454233743262638,"['PSMB4', 'UBB', 'MYC', 'UBC', 'HILPDA', 'UBA52', 'PSMB8']",2.263266254140279,raw,Cellular response to hypoxia ,7
sister chromatid segregation (GO:0000819),0.005454233743262638,"['TOP2A', 'PLK1', 'ZWINT', 'RAN']",2.263266254140279,raw,Sister chromatid segregation ,4
nucleosome organization (GO:0034728),0.005533803060395689,"['H2AX', 'H2BC12', 'POLE3', 'HMGB2', 'HMGA1', 'H1-2']",2.2569763007977666,raw,Nucleosome organization ,6
ciliary basal body-plasma membrane docking (GO:0097711),0.005712354452475415,"['HSP90AA1', 'TUBA1A', 'TUBB', 'PLK1', 'CDK1', 'TUBB4B']",2.2431848523561517,raw,Ciliary basal body-plasma membrane docking ,6
mRNA metabolic process (GO:0016071),0.005712354452475415,"['ZFP36', 'SFPQ', 'DDX5', 'HNRNPA2B1', 'SRSF2', 'AURKAIP1']",2.2431848523561517,raw,Mrna metabolic process ,6
RNA metabolic process (GO:0016070),0.005712354452475415,"['DDX17', 'RBM3', 'HNRNPK', 'HNRNPH1', 'PCBP1', 'HNRNPA2B1', 'HNRNPA1']",2.2431848523561517,raw,Rna metabolic process ,7
glucose metabolic process (GO:0006006),0.005712354452475415,"['TPI1', 'ALDOC', 'ENO1', 'GAPDH', 'ATF4']",2.2431848523561517,raw,Glucose metabolic process ,5
retina homeostasis (GO:0001895),0.006456065930061625,"['HSPB1', 'B2M', 'ACTB', 'ACTG1']",2.1900320431999027,raw,Retina homeostasis ,4
positive regulation of telomere maintenance via telomere lengthening (GO:1904358),0.006456065930061625,"['HNRNPA2B1', 'TCP1', 'HNRNPA1', 'AURKB']",2.1900320431999027,raw,Positive regulation of telomere maintenance via telomere lengthening ,4
response to UV (GO:0009411),0.006920651618349682,"['FEN1', 'GPX1', 'PCNA', 'MYC', 'AURKB', 'ATF4']",2.159853012345207,raw,Response to uv ,6
"nucleotide-excision repair, DNA incision, 5'-to lesion (GO:0006296)",0.007056567835486831,"['PCNA', 'UBB', 'UBC', 'UBA52']",2.1514064791948107,raw,"Nucleotide-excision repair, dna incision, 5'-to lesion ",4
DNA unwinding involved in DNA replication (GO:0006268),0.007056567835486831,"['MCM7', 'HMGA1', 'MCM4']",2.1514064791948107,raw,Dna unwinding involved in dna replication ,3
negative regulation of natural killer cell mediated cytotoxicity (GO:0045953),0.007056567835486831,"['HLA-B', 'HLA-A', 'HLA-E']",2.1514064791948107,raw,Negative regulation of natural killer cell mediated cytotoxicity ,3
regulation of phosphoprotein phosphatase activity (GO:0043666),0.007616233613295156,"['HSP90AB1', 'CALM3', 'CALM2', 'HSP90B1']",2.1182597432726142,raw,Regulation of phosphoprotein phosphatase activity ,4
positive regulation of production of molecular mediator of immune response (GO:0002702),0.007616233613295156,"['LAPTM5', 'MZB1', 'PHB2', 'HLA-E']",2.1182597432726142,raw,Positive regulation of production of molecular mediator of immune response ,4
mitotic sister chromatid segregation (GO:0000070),0.007705031437032787,"['CCNB1', 'RAD21', 'PLK1', 'CDK1', 'ZWINT', 'RAN']",2.113225584992023,raw,Mitotic sister chromatid segregation ,6
positive regulation of cellular protein metabolic process (GO:0032270),0.007705031437032787,"['NFKBIA', 'RBM3', 'HSP90AA1', 'PLK1', 'AURKAIP1', 'EEF2']",2.113225584992023,raw,Positive regulation of cellular protein metabolic process ,6
regulation of translational initiation (GO:0006446),0.007847949022947005,"['EIF4A2', 'HSPB1', 'EIF4G2', 'ATF4', 'EIF1']",2.1052438266174964,raw,Regulation of translational initiation ,5
positive regulation of protein localization to nucleus (GO:1900182),0.007847949022947005,"['TRIM28', 'TCP1', 'PLK1', 'CDK1', 'RAN']",2.1052438266174964,raw,Positive regulation of protein localization to nucleus ,5
negative regulation of cellular process (GO:0048523),0.007847949022947005,"['BTG2', 'IFITM1', 'BTG1', 'HMGA1', 'MIF', 'ENO1', 'BST2', 'SPN', 'CCDC85B', 'ARHGDIA', 'MYC', 'ARHGDIB', 'RACK1', 'TXNIP', 'PIM2']",2.1052438266174964,raw,Negative regulation of cellular process ,15
"mitochondrial electron transport, cytochrome c to oxygen (GO:0006123)",0.007847949022947005,"['CYCS', 'COX5B', 'COX7C']",2.1052438266174964,raw,"Mitochondrial electron transport, cytochrome c to oxygen ",3
negative regulation of peptidyl-threonine phosphorylation (GO:0010801),0.007847949022947005,"['DDIT4', 'CALM3', 'CALM2']",2.1052438266174964,raw,Negative regulation of peptidyl-threonine phosphorylation ,3
"protein localization to chromosome, centromeric region (GO:0071459)",0.007847949022947005,"['CDK1', 'BUB3', 'AURKB']",2.1052438266174964,raw,"Protein localization to chromosome, centromeric region ",3
regulation of peptidyl-threonine phosphorylation (GO:0010799),0.007847949022947005,"['PLK1', 'DDIT4', 'CALM3', 'CALM2']",2.1052438266174964,raw,Regulation of peptidyl-threonine phosphorylation ,4
"nucleotide-excision repair, DNA incision (GO:0033683)",0.007847949022947005,"['PCNA', 'UBB', 'UBC', 'UBA52']",2.1052438266174964,raw,"Nucleotide-excision repair, dna incision ",4
positive regulation of protein polymerization (GO:0032273),0.008172970292573793,"['HSP90AA1', 'CCR7', 'PFN1', 'ARF6', 'CDK5R1']",2.0876200796685875,raw,Positive regulation of protein polymerization ,5
positive regulation of intrinsic apoptotic signaling pathway (GO:2001244),0.008536147307483562,"['EIF5A', 'SFPQ', 'UBB', 'RACK1']",2.068738098940282,raw,Positive regulation of intrinsic apoptotic signaling pathway ,4
regulation of cell cycle process (GO:0010564),0.008752488139723099,"['PLK1', 'CALM3', 'KIF20A', 'MKI67', 'CALM2', 'AURKB']",2.0578684690640783,raw,Regulation of cell cycle process ,6
"alternative mRNA splicing, via spliceosome (GO:0000380)",0.008998823765251024,"['DDX17', 'DDX5', 'SFPQ']",2.0458142534101027,raw,"Alternative mrna splicing, via spliceosome ",3
positive regulation of phosphoprotein phosphatase activity (GO:0032516),0.008998823765251024,"['HSP90AB1', 'CALM3', 'CALM2']",2.0458142534101027,raw,Positive regulation of phosphoprotein phosphatase activity ,3
regulation of programmed cell death (GO:0043067),0.009525927622326093,"['CXCL10', 'PRELID1', 'HSP90AA1', 'LGALS1', 'APEX1', 'BIRC5', 'CALR', 'TPT1']",2.021092722566587,raw,Regulation of programmed cell death ,8
"positive regulation of transcription, DNA-templated (GO:0045893)",0.009564540322001307,"['H2AZ1', 'EIF5A', 'DDX17', 'CD74', 'EGR1', 'JUND', 'HMGB2', 'HMGA1', 'HNRNPAB', 'H1-2', 'NFKBIA', 'CXCL10', 'SFPQ', 'UBB', 'TRIM28', 'IRF4', 'PCBP1', 'APEX1', 'MYC', 'UBC', 'PIM2', 'JUNB', 'UBA52', 'ATF4']",2.019335897609034,raw,"Positive regulation of transcription, dna-templated ",24
regulation of cytokine production (GO:0001817),0.00973939744662716,"['SRGN', 'RNF26', 'HILPDA', 'HLA-B', 'CCR7', 'MIF', 'GAPDH']",2.011467911057693,raw,Regulation of cytokine production ,7
translesion synthesis (GO:0019985),0.00983125359660269,"['PCNA', 'UBB', 'UBC', 'UBA52']",2.0073911011531043,raw,Translesion synthesis ,4
chromatin assembly (GO:0031497),0.009965994327549804,"['H2AX', 'H2BC12', 'POLE3', 'HMGB2', 'H1-2']",2.0014793643568662,raw,Chromatin assembly ,5
cellular response to DNA damage stimulus (GO:0006974),0.009965994327549804,"['H2AX', 'TOP2A', 'FAM111A', 'BTG2', 'FEN1', 'MCM7', 'TRIM28', 'APEX1', 'MYC', 'POLE3', 'CDK1']",2.0014793643568662,raw,Cellular response to dna damage stimulus ,11
